{"cameraMode":{"drawMode":0,"name":"Shaded","section":"Shading Mode"},"sceneLighting":true,"audioPlay":false,"sceneViewState":{"showFog":true,"showMaterialUpdate":true,"showSkybox":true,"showFlares":true,"showImageEffects":true,"showParticleSystems":true},"in2DMode":false,"pivot":{"x":0.7748397588729858,"y":0.140407532453537,"z":0.6546692252159119},"rotation":{"x":-0.12887005507946015,"y":-0.36517465114593508,"z":0.050210632383823398,"w":-0.9206581711769104},"size":0.7437441349029541,"orthographic":false}