{"cameraMode":{"drawMode":0,"name":"Shaded","section":"Shading Mode"},"sceneLighting":false,"audioPlay":false,"sceneViewState":{"showFog":true,"showMaterialUpdate":true,"showSkybox":false,"showFlares":true,"showImageEffects":true,"showParticleSystems":true},"in2DMode":false,"pivot":{"x":-0.07864335179328919,"y":1.063918948173523,"z":0.00009055063128471375},"rotation":{"x":0.20184139907360078,"y":-0.005943844560533762,"z":0.002028494607657194,"w":0.9794222712516785},"size":0.1117430329322815,"orthographic":false}